{"stats":{"minecraft:dropped":{"alexsmobs:animal_dictionary":1},"minecraft:custom":{"minecraft:time_since_rest":4256,"minecraft:crouch_one_cm":763,"minecraft:play_time":4256,"minecraft:sprint_one_cm":5087,"minecraft:walk_one_cm":7144,"minecraft:sneak_time":563,"minecraft:drop":1,"minecraft:jump":70,"minecraft:leave_game":1,"minecraft:time_since_death":4256,"minecraft:total_world_time":4256,"minecraft:fall_one_cm":1587,"minecraft:interact_with_crafting_table":1,"minecraft:fly_one_cm":2874},"minecraft:crafted":{"minecraft:crafting_table":1,"minecraft:spruce_planks":40,"minecraft:stick":12,"minecraft:wooden_pickaxe":1,"minecraft:wooden_axe":1},"minecraft:used":{"minecraft:wooden_axe":6,"minecraft:crafting_table":1,"carryon:entity_item":1,"minecraft:wooden_pickaxe":6},"minecraft:mined":{"minecraft:coal_ore":1,"minecraft:stone":4,"minecraft:spruce_leaves":6,"minecraft:spruce_log":11,"minecraft:crafting_table":1},"minecraft:picked_up":{"minecraft:stick":2,"minecraft:crafting_table":1,"minecraft:spruce_sapling":4,"minecraft:spruce_log":32,"minecraft:coal":1,"minecraft:cobblestone":4}},"DataVersion":2975}