{
  "farmersdelight:main/root": {
    "criteria": {
      "seeds": "2024-12-27 02:41:45 +0000"
    },
    "done": true
  },
  "create:root": {
    "criteria": {
      "0": "2024-12-27 02:41:45 +0000"
    },
    "done": true
  },
  "tombstone:adventure/christmas": {
    "criteria": {
      "coded_trigger": "2024-12-27 02:41:45 +0000"
    },
    "done": true
  },
  "tombstone:adventure/root": {
    "criteria": {
      "auto": "2024-12-27 02:41:45 +0000"
    },
    "done": true
  },
  "minecraft:adventure/adventuring_time": {
    "criteria": {
      "minecraft:taiga": "2024-12-27 02:41:45 +0000"
    },
    "done": false
  },
  "DataVersion": 2975
}