{
  "farmersdelight:main/root": {
    "criteria": {
      "seeds": "2024-12-30 23:18:26 +0000"
    },
    "done": true
  },
  "tombstone:adventure/christmas": {
    "criteria": {
      "coded_trigger": "2024-12-30 23:18:26 +0000"
    },
    "done": true
  },
  "tombstone:adventure/root": {
    "criteria": {
      "auto": "2024-12-30 23:18:26 +0000"
    },
    "done": true
  },
  "minecraft:adventure/adventuring_time": {
    "criteria": {
      "minecraft:badlands": "2024-12-30 23:18:26 +0000"
    },
    "done": false
  },
  "DataVersion": 2975
}